{"cameraMode":{"drawMode":0,"name":"Shaded","section":"Shading Mode"},"sceneLighting":true,"audioPlay":false,"sceneViewState":{"showFog":true,"showMaterialUpdate":true,"showSkybox":true,"showFlares":true,"showImageEffects":true,"showParticleSystems":true},"in2DMode":false,"pivot":{"x":6.987627029418945,"y":-22.32729148864746,"z":57.20044708251953},"rotation":{"x":0.1848640888929367,"y":0.1911802440881729,"z":-0.03669406473636627,"w":0.9633238911628723},"size":22.689998626708986,"orthographic":false}